Time,Pitch
0.02040816326530603,0.0
0.03040816326530603,0.0
0.04040816326530603,0.0
0.05040816326530603,0.0
0.06040816326530603,0.0
0.07040816326530604,0.0
0.08040816326530603,0.0
0.09040816326530604,0.0
0.10040816326530604,0.0
0.11040816326530603,0.0
0.12040816326530604,0.0
0.13040816326530602,366.19362259407455
0.14040816326530603,358.5415247560398
0.15040816326530604,0.0
0.16040816326530605,0.0
0.17040816326530603,0.0
0.18040816326530604,0.0
0.19040816326530605,0.0
0.20040816326530603,0.0
0.21040816326530604,0.0
0.22040816326530605,0.0
0.23040816326530603,0.0
0.24040816326530604,205.07045888850354
0.250408163265306,205.46557589293673
0.260408163265306,207.8301026766133
0.27040816326530603,203.70558352029366
0.28040816326530604,200.23511432602473
0.29040816326530605,199.13132305793957
0.30040816326530606,198.17575661962763
0.310408163265306,198.53577479760628
0.320408163265306,200.4944977532766
0.33040816326530603,201.27467163765724
0.34040816326530604,0.0
0.35040816326530605,0.0
0.36040816326530606,0.0
0.37040816326530607,0.0
0.380408163265306,0.0
0.39040816326530603,0.0
0.40040816326530604,0.0
0.41040816326530605,0.0
0.42040816326530606,0.0
0.43040816326530607,0.0
0.440408163265306,0.0
0.450408163265306,101.56025356800603
0.46040816326530604,100.49365722054948
0.47040816326530605,97.13711947872179
0.48040816326530605,97.97566666662887
0.49040816326530606,138.00414294151733
0.500408163265306,129.67738394674888
0.510408163265306,118.96891402206009
0.520408163265306,115.16265202606718
0.530408163265306,115.4155556570331
0.540408163265306,110.9173142924928
0.5504081632653061,106.9772509443228
0.5604081632653061,103.72979211492327
0.5704081632653061,100.67124546089296
0.5804081632653061,98.47342717986625
0.5904081632653061,104.67428902194254
0.600408163265306,102.77157277773664
0.610408163265306,103.15585533052185
0.620408163265306,98.73250746605305
0.630408163265306,97.60972098081902
0.640408163265306,0.0
0.650408163265306,0.0
0.660408163265306,0.0
0.6704081632653061,0.0
0.6804081632653061,0.0
0.6904081632653061,0.0
0.7004081632653061,0.0
0.7104081632653061,0.0
0.7204081632653061,0.0
0.730408163265306,0.0
0.740408163265306,0.0
0.750408163265306,0.0
0.760408163265306,0.0
0.770408163265306,0.0
0.780408163265306,0.0
0.790408163265306,0.0
0.8004081632653061,0.0
0.8104081632653061,0.0
0.8204081632653061,0.0
0.8304081632653061,0.0
0.8404081632653061,0.0
0.8504081632653061,0.0
0.860408163265306,0.0
0.870408163265306,0.0
0.880408163265306,0.0
0.890408163265306,0.0
0.900408163265306,0.0
0.910408163265306,0.0
0.9204081632653061,0.0
0.9304081632653061,0.0
0.9404081632653061,0.0
0.9504081632653061,0.0
0.9604081632653061,0.0
0.9704081632653061,0.0
0.980408163265306,0.0
0.990408163265306,0.0
1.000408163265306,0.0
1.010408163265306,0.0
1.020408163265306,0.0
1.030408163265306,0.0
1.040408163265306,0.0
1.050408163265306,0.0
1.060408163265306,0.0
1.070408163265306,0.0
1.080408163265306,0.0
1.090408163265306,0.0
1.100408163265306,0.0
1.110408163265306,0.0
1.120408163265306,0.0
1.130408163265306,0.0
1.140408163265306,0.0
1.150408163265306,0.0
1.160408163265306,0.0
1.170408163265306,0.0
1.1804081632653058,0.0
1.1904081632653059,0.0
1.2004081632653059,0.0
1.2104081632653059,0.0
1.2204081632653059,0.0
1.2304081632653059,0.0
1.240408163265306,0.0
1.250408163265306,0.0
1.260408163265306,0.0
1.270408163265306,0.0
1.280408163265306,0.0
1.290408163265306,0.0
1.300408163265306,0.0
1.310408163265306,0.0
1.320408163265306,0.0
1.330408163265306,0.0
1.340408163265306,0.0
1.350408163265306,0.0
1.360408163265306,0.0
1.370408163265306,0.0
1.380408163265306,0.0
1.390408163265306,0.0
1.400408163265306,0.0
1.410408163265306,0.0
1.420408163265306,0.0
1.4304081632653058,0.0
1.4404081632653059,0.0
1.4504081632653059,0.0
1.4604081632653059,0.0
1.4704081632653059,0.0
1.4804081632653059,0.0
1.490408163265306,0.0
1.500408163265306,0.0
1.510408163265306,0.0
1.520408163265306,0.0
1.530408163265306,0.0
1.540408163265306,0.0
1.550408163265306,0.0
1.560408163265306,0.0
1.570408163265306,0.0
1.580408163265306,0.0
1.590408163265306,0.0
1.600408163265306,0.0
1.610408163265306,0.0
1.620408163265306,0.0
1.630408163265306,0.0
1.640408163265306,0.0
1.650408163265306,0.0
1.660408163265306,0.0
1.670408163265306,0.0
1.680408163265306,0.0
1.6904081632653059,0.0
1.7004081632653059,0.0
1.7104081632653059,0.0
1.7204081632653059,0.0
1.7304081632653059,0.0
1.740408163265306,0.0
1.750408163265306,0.0
1.760408163265306,0.0
1.770408163265306,0.0
1.780408163265306,0.0
1.790408163265306,0.0
1.800408163265306,0.0
1.810408163265306,0.0
1.820408163265306,0.0
1.830408163265306,0.0
1.840408163265306,0.0
1.850408163265306,0.0
1.860408163265306,0.0
1.870408163265306,0.0
1.880408163265306,0.0
1.890408163265306,0.0
1.900408163265306,0.0
1.910408163265306,0.0
1.920408163265306,0.0
1.930408163265306,0.0
1.9404081632653059,0.0
1.9504081632653059,0.0
1.9604081632653059,0.0
1.9704081632653059,0.0
1.9804081632653059,0.0
1.990408163265306,0.0
2.000408163265306,0.0
2.010408163265306,0.0
2.020408163265306,0.0
2.030408163265306,0.0
2.040408163265306,0.0
2.050408163265306,0.0
2.060408163265306,0.0
2.0704081632653057,0.0
2.080408163265306,0.0
2.0904081632653058,0.0
2.100408163265306,0.0
2.110408163265306,0.0
2.120408163265306,0.0
2.130408163265306,0.0
2.140408163265306,0.0
2.150408163265306,0.0
2.160408163265306,0.0
2.170408163265306,0.0
2.180408163265306,0.0
2.190408163265306,0.0
2.200408163265306,0.0
2.210408163265306,0.0
2.220408163265306,0.0
2.230408163265306,0.0
2.240408163265306,0.0
2.250408163265306,0.0
2.260408163265306,0.0
2.270408163265306,0.0
2.280408163265306,0.0
2.290408163265306,0.0
2.300408163265306,0.0
2.310408163265306,0.0
2.320408163265306,0.0
2.330408163265306,0.0
2.3404081632653058,0.0
2.350408163265306,0.0
2.360408163265306,0.0
2.370408163265306,0.0
2.380408163265306,0.0
2.390408163265306,0.0
2.400408163265306,0.0
2.410408163265306,0.0
2.420408163265306,0.0
2.430408163265306,0.0
2.440408163265306,0.0
2.450408163265306,0.0
2.460408163265306,0.0
2.470408163265306,0.0
2.480408163265306,0.0
2.490408163265306,0.0
2.500408163265306,0.0
2.510408163265306,0.0
2.520408163265306,0.0
2.530408163265306,0.0
2.540408163265306,0.0
2.550408163265306,0.0
2.560408163265306,0.0
2.570408163265306,0.0
2.580408163265306,0.0
2.5904081632653058,0.0
2.600408163265306,0.0
2.610408163265306,0.0
2.620408163265306,0.0
2.630408163265306,0.0
2.640408163265306,0.0
2.650408163265306,0.0
2.660408163265306,0.0
2.670408163265306,0.0
2.680408163265306,0.0
2.690408163265306,0.0
2.700408163265306,0.0
2.710408163265306,0.0
2.720408163265306,0.0
2.730408163265306,0.0
2.740408163265306,0.0
2.750408163265306,0.0
2.760408163265306,0.0
2.770408163265306,0.0
2.780408163265306,0.0
2.790408163265306,0.0
2.800408163265306,0.0
2.810408163265306,0.0
2.820408163265306,0.0
2.830408163265306,0.0
2.8404081632653058,0.0
2.850408163265306,0.0
2.860408163265306,0.0
2.870408163265306,0.0
2.880408163265306,0.0
2.890408163265306,0.0
2.900408163265306,0.0
2.910408163265306,0.0
2.920408163265306,0.0
2.930408163265306,0.0
2.940408163265306,0.0
2.950408163265306,0.0
2.960408163265306,0.0
2.970408163265306,0.0
2.980408163265306,0.0
2.990408163265306,0.0
3.000408163265306,0.0
3.010408163265306,0.0
3.020408163265306,0.0
3.030408163265306,0.0
3.040408163265306,0.0
3.050408163265306,0.0
3.060408163265306,0.0
3.070408163265306,0.0
3.080408163265306,0.0
3.090408163265306,0.0
3.100408163265306,0.0
3.110408163265306,0.0
3.120408163265306,0.0
3.130408163265306,0.0
3.140408163265306,0.0
3.150408163265306,0.0
3.160408163265306,0.0
3.170408163265306,0.0
3.180408163265306,0.0
3.190408163265306,0.0
3.200408163265306,0.0
3.210408163265306,0.0
3.220408163265306,0.0
3.230408163265306,0.0
3.240408163265306,0.0
3.250408163265306,0.0
3.260408163265306,0.0
3.270408163265306,0.0
3.280408163265306,0.0
3.290408163265306,0.0
3.300408163265306,0.0
3.310408163265306,0.0
3.320408163265306,0.0
3.330408163265306,0.0
3.340408163265306,0.0
3.350408163265306,0.0
3.360408163265306,0.0
3.370408163265306,0.0
3.380408163265306,0.0
3.390408163265306,0.0
3.400408163265306,0.0
3.410408163265306,0.0
3.420408163265306,0.0
3.430408163265306,0.0
3.440408163265306,0.0
3.450408163265306,0.0
3.460408163265306,0.0
3.470408163265306,0.0
3.480408163265306,0.0
3.490408163265306,0.0
3.500408163265306,0.0
3.510408163265306,0.0
3.520408163265306,0.0
3.530408163265306,0.0
3.540408163265306,0.0
3.550408163265306,0.0
3.560408163265306,0.0
3.570408163265306,0.0
3.580408163265306,0.0
3.590408163265306,0.0
3.600408163265306,0.0
3.610408163265306,0.0
3.620408163265306,0.0
3.630408163265306,0.0
3.640408163265306,0.0
3.650408163265306,0.0
3.660408163265306,0.0
3.670408163265306,0.0
3.680408163265306,0.0
3.690408163265306,0.0
3.700408163265306,0.0
3.710408163265306,0.0
3.720408163265306,0.0
3.730408163265306,0.0
3.740408163265306,0.0
3.750408163265306,0.0
3.760408163265306,0.0
3.770408163265306,0.0
3.780408163265306,0.0
3.790408163265306,0.0
3.800408163265306,0.0
3.810408163265306,0.0
3.820408163265306,0.0
3.830408163265306,0.0
3.840408163265306,0.0
3.850408163265306,0.0
3.860408163265306,0.0
3.870408163265306,0.0
3.880408163265306,0.0
3.890408163265306,0.0
3.900408163265306,0.0
3.910408163265306,0.0
3.920408163265306,0.0
3.930408163265306,0.0
3.940408163265306,0.0
3.950408163265306,0.0
3.960408163265306,0.0
3.970408163265306,0.0
3.980408163265306,0.0
3.990408163265306,0.0
4.000408163265306,0.0
4.010408163265306,0.0
4.020408163265306,0.0
4.030408163265306,0.0
4.040408163265306,0.0
4.050408163265306,0.0
4.060408163265306,0.0
4.070408163265306,0.0
4.080408163265306,0.0
4.090408163265306,0.0
4.100408163265306,0.0
4.110408163265306,0.0
4.120408163265306,0.0
4.130408163265306,0.0
4.140408163265306,0.0
4.150408163265306,0.0
4.160408163265306,0.0
4.170408163265306,0.0
4.180408163265306,0.0
4.190408163265306,0.0
4.200408163265306,0.0
4.210408163265306,0.0
4.220408163265306,0.0
4.230408163265306,0.0
4.240408163265306,0.0
4.250408163265306,0.0
4.260408163265306,0.0
4.270408163265306,0.0
4.280408163265306,0.0
4.290408163265306,0.0
4.300408163265306,0.0
4.310408163265306,0.0
4.320408163265306,0.0
4.330408163265306,0.0
4.340408163265306,0.0
4.350408163265306,0.0
4.360408163265306,0.0
4.3704081632653065,0.0
4.380408163265306,0.0
4.390408163265306,0.0
4.400408163265306,0.0
4.410408163265306,0.0
4.420408163265306,0.0
4.430408163265306,0.0
4.440408163265306,0.0
4.450408163265306,0.0
4.460408163265306,0.0
4.470408163265306,0.0
4.480408163265306,0.0
4.490408163265306,0.0
4.500408163265306,0.0
4.510408163265306,0.0
4.520408163265306,0.0
4.530408163265306,0.0
4.540408163265306,0.0
4.550408163265306,0.0
4.560408163265306,0.0
4.570408163265306,0.0
4.580408163265306,0.0
4.590408163265306,0.0
4.600408163265306,0.0
4.610408163265306,0.0
4.6204081632653065,0.0
4.630408163265306,0.0
4.640408163265306,0.0
4.650408163265306,0.0
4.660408163265306,0.0
4.670408163265306,0.0
4.680408163265306,0.0
4.690408163265306,0.0
4.700408163265306,0.0
4.710408163265306,0.0
4.720408163265306,0.0
4.730408163265306,0.0
4.740408163265306,0.0
4.750408163265306,0.0
4.760408163265306,0.0
4.770408163265306,0.0
4.780408163265306,0.0
4.790408163265306,0.0
4.800408163265306,0.0
4.810408163265306,0.0
4.820408163265306,0.0
4.830408163265306,0.0
4.840408163265306,0.0
4.850408163265306,0.0
4.860408163265306,0.0
4.8704081632653065,0.0
4.880408163265306,0.0
4.890408163265306,0.0
4.900408163265306,0.0
4.910408163265306,0.0
4.920408163265306,0.0
4.930408163265306,0.0
4.940408163265306,0.0
4.950408163265306,0.0
4.960408163265306,0.0
4.970408163265306,0.0
4.980408163265306,0.0
4.990408163265306,0.0
5.000408163265306,0.0
5.010408163265306,0.0
5.020408163265306,0.0
5.030408163265306,0.0
5.040408163265306,0.0
5.050408163265306,0.0
5.060408163265306,0.0
5.070408163265306,0.0
5.080408163265306,0.0
5.090408163265306,0.0
5.100408163265306,0.0
5.110408163265306,0.0
5.1204081632653065,0.0
5.130408163265306,0.0
5.140408163265306,0.0
5.150408163265306,0.0
5.160408163265306,0.0
5.170408163265306,0.0
5.180408163265306,0.0
5.190408163265306,0.0
5.200408163265306,0.0
5.210408163265306,0.0
5.220408163265306,0.0
5.230408163265306,0.0
5.240408163265306,0.0
5.250408163265306,0.0
5.260408163265306,0.0
5.270408163265306,0.0
5.280408163265306,0.0
5.290408163265306,0.0
5.300408163265306,0.0
5.310408163265306,0.0
5.320408163265306,0.0
5.330408163265306,0.0
5.340408163265306,0.0
5.350408163265306,0.0
5.360408163265306,0.0
5.3704081632653065,0.0
5.380408163265306,0.0
5.390408163265306,0.0
5.400408163265306,0.0
5.410408163265306,0.0
5.420408163265306,0.0
5.430408163265306,0.0
5.440408163265306,0.0
5.450408163265306,0.0
5.460408163265306,0.0
5.470408163265306,0.0
5.480408163265306,0.0
5.490408163265306,0.0
5.500408163265306,0.0
5.510408163265306,0.0
5.520408163265306,0.0
5.530408163265306,0.0
5.540408163265306,0.0
5.550408163265306,0.0
5.560408163265306,0.0
5.570408163265306,0.0
5.580408163265306,0.0
5.590408163265306,0.0
5.600408163265306,0.0
5.610408163265306,0.0
5.6204081632653065,0.0
5.630408163265306,0.0
5.640408163265306,0.0
5.650408163265306,0.0
5.660408163265306,199.7699404002637
5.670408163265306,186.53851014739953
5.680408163265306,169.5897640857551
5.690408163265306,169.01114988515036
5.700408163265306,0.0
5.710408163265306,0.0
5.720408163265306,0.0
5.730408163265306,0.0
5.740408163265306,0.0
5.750408163265306,0.0
5.760408163265306,0.0
5.770408163265306,0.0
5.780408163265306,0.0
5.790408163265306,0.0
5.800408163265306,0.0
5.810408163265306,0.0
5.820408163265306,0.0
5.830408163265306,0.0
5.840408163265306,0.0
5.850408163265306,0.0
5.860408163265306,0.0
5.8704081632653065,0.0
5.880408163265306,0.0
5.890408163265306,0.0
5.900408163265306,130.52151610019536
5.910408163265306,128.81567263251426
5.920408163265306,124.91881753104691
5.930408163265306,121.83784970065751
5.940408163265306,120.65036199077537
5.950408163265306,118.78548943270549
5.960408163265306,115.1371446538727
5.970408163265306,0.0
5.980408163265306,0.0
5.990408163265306,0.0
6.000408163265306,0.0
6.010408163265306,0.0
6.020408163265306,0.0
6.030408163265306,0.0
6.040408163265306,0.0
6.050408163265306,0.0
6.060408163265306,0.0
6.070408163265306,0.0
6.080408163265306,0.0
6.090408163265306,0.0
6.100408163265306,0.0
6.110408163265306,0.0
6.1204081632653065,0.0
6.130408163265306,0.0
6.140408163265306,0.0
6.150408163265306,0.0
6.1604081632653065,0.0
6.170408163265306,0.0
6.180408163265306,0.0
6.190408163265306,0.0
6.200408163265306,0.0
6.210408163265306,0.0
6.220408163265306,0.0
6.230408163265306,0.0
6.240408163265306,0.0
6.250408163265306,0.0
6.260408163265306,0.0
6.270408163265306,0.0
6.280408163265306,0.0
6.290408163265306,0.0
6.300408163265306,0.0
6.310408163265306,79.6505423988635
6.320408163265306,80.78634426131849
6.330408163265306,0.0
6.340408163265306,0.0
6.350408163265306,0.0
6.360408163265306,0.0
6.3704081632653065,0.0
6.380408163265306,0.0
6.390408163265306,0.0
6.400408163265306,0.0
6.4104081632653065,0.0
6.420408163265306,0.0
6.430408163265306,0.0
6.440408163265306,0.0
6.450408163265306,0.0
6.460408163265306,0.0
6.470408163265306,0.0
6.480408163265306,0.0
6.490408163265306,0.0
6.500408163265306,0.0
6.510408163265306,0.0
6.520408163265306,0.0
6.530408163265306,0.0
6.540408163265306,0.0
6.550408163265306,0.0
6.560408163265306,0.0
6.570408163265306,532.1895548827353
6.580408163265306,542.4193791962534
6.590408163265306,550.2957326770419
6.600408163265306,553.479179719465
6.610408163265306,547.3229028012641
6.6204081632653065,558.3177971013292
6.630408163265306,574.6434966991816
6.640408163265306,566.2078648827955
6.650408163265306,564.2773181661491
6.6604081632653065,0.0
6.670408163265306,0.0
6.680408163265306,0.0
6.690408163265306,0.0
6.700408163265306,0.0
6.710408163265306,0.0
6.720408163265306,0.0
6.730408163265306,0.0
6.740408163265306,0.0
6.750408163265306,0.0
6.760408163265306,0.0
6.770408163265306,0.0
6.780408163265306,0.0
6.790408163265306,0.0
6.800408163265306,0.0
6.810408163265306,0.0
6.820408163265306,0.0
6.830408163265306,0.0
6.840408163265306,0.0
6.850408163265306,0.0
6.860408163265306,0.0
6.8704081632653065,0.0
6.880408163265306,0.0
6.890408163265306,0.0
6.900408163265306,0.0
6.9104081632653065,0.0
6.920408163265306,0.0
6.930408163265306,0.0
6.940408163265306,0.0
6.950408163265306,0.0
6.960408163265306,0.0
6.970408163265306,0.0
6.980408163265306,0.0
6.990408163265306,0.0
7.000408163265306,0.0
7.010408163265306,0.0
7.020408163265306,0.0
7.030408163265306,0.0
7.040408163265306,0.0
7.050408163265306,0.0
7.060408163265306,0.0
7.070408163265306,0.0
7.080408163265306,0.0
7.090408163265306,0.0
7.100408163265306,0.0
7.110408163265306,0.0
7.1204081632653065,0.0
7.130408163265306,0.0
7.140408163265306,0.0
7.150408163265306,0.0
7.1604081632653065,0.0
7.170408163265306,0.0
7.180408163265306,0.0
7.190408163265306,0.0
7.200408163265306,0.0
7.210408163265306,0.0
7.220408163265306,0.0
7.230408163265306,0.0
7.240408163265306,0.0
7.250408163265306,0.0
7.260408163265306,0.0
7.270408163265306,0.0
7.280408163265306,0.0
7.290408163265306,0.0
7.300408163265306,0.0
7.310408163265306,0.0
7.320408163265306,0.0
7.330408163265306,0.0
7.340408163265306,0.0
7.350408163265306,0.0
7.360408163265306,0.0
7.3704081632653065,0.0
7.380408163265306,0.0
7.390408163265306,0.0
7.400408163265306,0.0
7.4104081632653065,0.0
7.420408163265306,0.0
7.430408163265306,0.0
7.440408163265306,0.0
7.450408163265306,0.0
7.460408163265306,0.0
7.470408163265306,0.0
7.480408163265306,0.0
7.490408163265306,0.0
7.500408163265306,0.0
7.510408163265306,0.0
7.520408163265306,0.0
7.530408163265306,0.0
7.540408163265306,0.0
7.550408163265306,0.0
7.560408163265306,0.0
7.570408163265306,0.0
7.580408163265306,0.0
7.590408163265306,0.0
7.600408163265306,0.0
7.610408163265306,0.0
7.6204081632653065,0.0
7.630408163265306,0.0
7.640408163265306,0.0
7.650408163265306,0.0
7.6604081632653065,0.0
7.670408163265306,0.0
7.680408163265306,0.0
7.690408163265306,0.0
7.700408163265306,0.0
7.710408163265306,0.0
7.720408163265306,0.0
7.730408163265306,0.0
7.740408163265306,0.0
7.750408163265306,0.0
7.760408163265306,0.0
7.770408163265306,0.0
7.780408163265306,0.0
7.790408163265306,0.0
7.800408163265306,0.0
7.810408163265306,0.0
7.820408163265306,0.0
7.830408163265306,0.0
7.840408163265306,0.0
7.850408163265306,0.0
7.860408163265306,0.0
7.8704081632653065,0.0
7.880408163265306,0.0
7.890408163265306,0.0
7.900408163265306,0.0
7.9104081632653065,0.0
7.920408163265306,0.0
7.930408163265306,0.0
7.940408163265306,0.0
7.9504081632653065,0.0
7.960408163265306,0.0
7.970408163265306,0.0
7.980408163265306,0.0
7.990408163265306,0.0
8.000408163265307,0.0
8.010408163265307,0.0
8.020408163265307,0.0
8.030408163265307,0.0
8.040408163265306,0.0
8.050408163265306,0.0
8.060408163265308,0.0
8.070408163265308,0.0
8.080408163265307,0.0
8.090408163265307,0.0
8.100408163265307,0.0
8.110408163265307,0.0
8.120408163265306,0.0
8.130408163265306,0.0
8.140408163265308,0.0
8.150408163265308,0.0
8.160408163265307,0.0
8.170408163265307,0.0
8.180408163265307,0.0
8.190408163265307,0.0
8.200408163265307,0.0
8.210408163265306,0.0
8.220408163265306,0.0
8.230408163265308,0.0
8.240408163265307,0.0
8.250408163265307,0.0
8.260408163265307,0.0
8.270408163265307,0.0
8.280408163265307,0.0
8.290408163265306,0.0
8.300408163265306,0.0
8.310408163265308,0.0
8.320408163265308,0.0
8.330408163265307,0.0
8.340408163265307,0.0
8.350408163265307,0.0
8.360408163265307,0.0
8.370408163265306,0.0
8.380408163265306,0.0
8.390408163265308,0.0
8.400408163265308,0.0
8.410408163265307,0.0
8.420408163265307,0.0
8.430408163265307,0.0
8.440408163265307,0.0
8.450408163265307,0.0
8.460408163265306,0.0
8.470408163265306,0.0
8.480408163265308,0.0
8.490408163265307,0.0
8.500408163265307,0.0
8.510408163265307,0.0
8.520408163265307,0.0
8.530408163265307,0.0
8.540408163265306,0.0
8.550408163265306,0.0
8.560408163265308,0.0
8.570408163265308,0.0
8.580408163265307,0.0
8.590408163265307,0.0
8.600408163265307,0.0
8.610408163265307,0.0
8.620408163265306,0.0
8.630408163265306,0.0
8.640408163265308,0.0
8.650408163265308,0.0
8.660408163265307,0.0
8.670408163265307,163.79665678461447
8.680408163265307,170.72881827244203
8.690408163265307,146.52728850596344
8.700408163265307,0.0
8.710408163265306,0.0
8.720408163265308,0.0
8.730408163265308,0.0
8.740408163265307,0.0
8.750408163265307,0.0
8.760408163265307,0.0
8.770408163265307,0.0
8.780408163265307,0.0
8.790408163265306,0.0
8.800408163265306,0.0
8.810408163265308,0.0
8.820408163265308,0.0
8.830408163265307,0.0
8.840408163265307,0.0
8.850408163265307,0.0
8.860408163265307,0.0
8.870408163265306,0.0
8.880408163265306,0.0
8.890408163265308,0.0
8.900408163265308,0.0
8.910408163265307,0.0
8.920408163265307,0.0
8.930408163265307,0.0
8.940408163265307,0.0
8.950408163265307,0.0
8.960408163265306,0.0
8.970408163265308,84.33077271330748
8.980408163265308,84.20319070357857
8.990408163265307,84.23280512261347
9.000408163265307,160.16362144673175
9.010408163265307,167.55124901247294
9.020408163265307,161.39311749461444
9.030408163265307,158.22021446588133
9.040408163265306,162.55295631021377
9.050408163265306,162.01372620746855
9.060408163265308,155.79072400958725
9.070408163265308,154.61361794150835
9.080408163265307,154.729062264842
9.090408163265307,151.9575988653651
9.100408163265307,0.0
9.110408163265307,0.0
9.120408163265306,0.0
9.130408163265306,0.0
9.140408163265308,0.0
9.150408163265308,0.0
9.160408163265307,0.0
9.170408163265307,0.0
9.180408163265307,0.0
9.190408163265307,0.0
9.200408163265307,0.0
9.210408163265306,0.0
9.220408163265308,0.0
9.230408163265308,0.0
9.240408163265307,0.0
9.250408163265307,0.0
9.260408163265307,164.8593097584992
9.270408163265307,159.00486708587164
9.280408163265307,128.1303843782406
9.290408163265306,128.0436310777577
9.300408163265306,138.15155565269055
9.310408163265308,140.15169702572453
9.320408163265308,102.3304897744216
9.330408163265307,96.64891237245502
9.340408163265307,97.35361449669132
9.350408163265307,97.47797150638185
9.360408163265307,103.4827246097117
9.370408163265306,0.0
9.380408163265306,0.0
9.390408163265308,0.0
9.400408163265308,0.0
9.410408163265307,99.9803341778039
9.420408163265307,96.8086480518825
9.430408163265307,0.0
9.440408163265307,0.0
9.450408163265307,0.0
9.460408163265306,0.0
9.470408163265308,0.0
9.480408163265308,0.0
9.490408163265307,0.0
9.500408163265307,0.0
9.510408163265307,0.0
9.520408163265307,0.0
9.530408163265307,0.0
9.540408163265306,0.0
9.550408163265306,0.0
9.560408163265308,0.0
9.570408163265308,0.0
9.580408163265307,0.0
9.590408163265307,0.0
9.600408163265307,0.0
9.610408163265307,0.0
9.620408163265306,0.0
9.630408163265306,0.0
9.640408163265308,0.0
9.650408163265308,0.0
9.660408163265307,0.0
9.670408163265307,0.0
9.680408163265307,0.0
9.690408163265307,0.0
9.700408163265307,0.0
9.710408163265306,0.0
9.720408163265308,0.0
9.730408163265308,0.0
9.740408163265307,0.0
9.750408163265307,0.0
9.760408163265307,0.0
9.770408163265307,0.0
9.780408163265307,0.0
9.790408163265306,0.0
9.800408163265306,0.0
9.810408163265308,0.0
9.820408163265308,0.0
9.830408163265307,0.0
9.840408163265307,0.0
9.850408163265307,0.0
9.860408163265307,0.0
9.870408163265306,0.0
9.880408163265306,0.0
9.890408163265308,0.0
9.900408163265308,0.0
9.910408163265307,0.0
9.920408163265307,0.0
9.930408163265307,0.0
9.940408163265307,0.0
9.950408163265307,0.0
9.960408163265306,0.0
9.970408163265308,0.0
9.980408163265308,0.0
9.990408163265307,0.0
10.000408163265307,0.0
10.010408163265307,0.0
10.020408163265307,0.0
10.030408163265307,0.0
10.040408163265306,0.0
10.050408163265306,0.0
10.060408163265308,0.0
10.070408163265308,0.0
10.080408163265307,0.0
10.090408163265307,0.0
10.100408163265307,0.0
10.110408163265307,0.0
10.120408163265306,0.0
10.130408163265306,0.0
10.140408163265308,0.0
10.150408163265308,0.0
10.160408163265307,0.0
10.170408163265307,0.0
10.180408163265307,0.0
10.190408163265307,0.0
10.200408163265307,0.0
10.210408163265306,0.0
10.220408163265308,0.0
10.230408163265308,0.0
10.240408163265307,0.0
10.250408163265307,0.0
10.260408163265307,0.0
10.270408163265307,0.0
10.280408163265307,0.0
10.290408163265306,0.0
10.300408163265306,0.0
10.310408163265308,0.0
10.320408163265308,0.0
10.330408163265307,0.0
10.340408163265307,0.0
10.350408163265307,0.0
10.360408163265307,0.0
10.370408163265306,0.0
10.380408163265306,0.0
10.390408163265308,0.0
10.400408163265308,0.0
10.410408163265307,0.0
10.420408163265307,0.0
10.430408163265307,0.0
10.440408163265307,0.0
10.450408163265307,0.0
10.460408163265306,0.0
10.470408163265308,0.0
10.480408163265308,0.0
10.490408163265307,0.0
10.500408163265307,0.0
10.510408163265307,0.0
10.520408163265307,0.0
10.530408163265307,0.0
10.540408163265306,0.0
10.550408163265306,0.0
10.560408163265308,0.0
10.570408163265308,0.0
10.580408163265307,0.0
10.590408163265307,0.0
10.600408163265307,0.0
10.610408163265307,0.0
10.620408163265306,0.0
10.630408163265306,0.0
10.640408163265308,0.0
10.650408163265308,0.0
10.660408163265307,0.0
10.670408163265307,0.0
10.680408163265307,0.0
10.690408163265307,0.0
10.700408163265307,0.0
10.710408163265306,0.0
10.720408163265308,0.0
10.730408163265308,0.0
10.740408163265307,0.0
10.750408163265307,0.0
10.760408163265307,0.0
10.770408163265307,0.0
10.780408163265307,0.0
10.790408163265306,0.0
10.800408163265306,0.0
10.810408163265308,0.0
10.820408163265308,0.0
10.830408163265307,0.0
10.840408163265307,0.0
10.850408163265307,0.0
10.860408163265307,0.0
10.870408163265306,0.0
10.880408163265306,0.0
10.890408163265308,0.0
10.900408163265308,0.0
10.910408163265307,0.0
10.920408163265307,0.0
10.930408163265307,0.0
10.940408163265307,0.0
10.950408163265307,0.0
10.960408163265306,0.0
10.970408163265308,0.0
10.980408163265308,0.0
10.990408163265307,0.0
11.000408163265307,0.0
11.010408163265307,0.0
11.020408163265307,0.0
11.030408163265307,0.0
11.040408163265306,0.0
11.050408163265306,0.0
11.060408163265308,0.0
11.070408163265308,0.0
11.080408163265307,0.0
11.090408163265307,0.0
11.100408163265307,0.0
11.110408163265307,0.0
11.120408163265306,0.0
11.130408163265306,0.0
11.140408163265308,0.0
11.150408163265308,0.0
11.160408163265307,0.0
11.170408163265307,0.0
11.180408163265307,0.0
11.190408163265307,0.0
11.200408163265307,0.0
11.210408163265306,0.0
11.220408163265308,0.0
11.230408163265308,0.0
11.240408163265307,0.0
11.250408163265307,0.0
11.260408163265307,0.0
11.270408163265307,0.0
11.280408163265307,0.0
11.290408163265306,0.0
11.300408163265306,0.0
11.310408163265308,0.0
11.320408163265308,0.0
11.330408163265307,0.0
11.340408163265307,0.0
11.350408163265307,0.0
11.360408163265307,0.0
11.370408163265306,0.0
11.380408163265306,0.0
11.390408163265308,0.0
11.400408163265308,0.0
11.410408163265307,0.0
11.420408163265307,0.0
11.430408163265307,0.0
11.440408163265307,0.0
11.450408163265307,0.0
11.460408163265306,0.0
11.470408163265308,0.0
11.480408163265308,0.0
11.490408163265307,0.0
11.500408163265307,0.0
11.510408163265307,0.0
11.520408163265307,0.0
11.530408163265307,0.0
11.540408163265306,0.0
11.550408163265306,0.0
11.560408163265308,88.86929999226071
11.570408163265308,88.41550083863143
11.580408163265307,89.25510060633447
11.590408163265307,88.31966678674816
11.600408163265307,89.09359781217258
11.610408163265307,93.21669348851707
11.620408163265306,97.34461633979767
11.630408163265306,99.19973821280742
11.640408163265308,107.70804103765734
11.650408163265308,111.47671903258409
11.660408163265307,0.0
11.670408163265307,0.0
11.680408163265307,0.0
11.690408163265307,156.18107839942846
11.700408163265307,163.9399792533309
11.710408163265306,169.16658935806896
11.720408163265308,171.61796465262398
11.730408163265308,193.56444443859684
11.740408163265307,193.10321338998506
11.750408163265307,194.34607547982432
11.760408163265307,0.0
11.770408163265307,0.0
11.780408163265307,0.0
11.790408163265306,0.0
11.800408163265306,0.0
11.810408163265308,0.0
11.820408163265308,0.0
11.830408163265307,0.0
11.840408163265307,134.73906379258588
11.850408163265307,130.45698144621502
11.860408163265307,126.41988205976357
11.870408163265306,126.63531243052819
11.880408163265306,0.0
11.890408163265308,0.0
11.900408163265308,0.0
11.910408163265307,0.0
11.920408163265307,0.0
11.930408163265307,0.0
11.940408163265307,0.0
11.950408163265307,0.0
11.960408163265306,0.0
11.970408163265308,0.0
11.980408163265308,0.0
11.990408163265307,0.0
12.000408163265307,0.0
12.010408163265307,0.0
12.020408163265307,0.0
12.030408163265307,0.0
12.040408163265306,0.0
12.050408163265308,0.0
12.060408163265308,0.0
12.070408163265308,0.0
12.080408163265307,0.0
12.090408163265307,0.0
12.100408163265307,0.0
12.110408163265307,0.0
12.120408163265306,203.09127121688198
12.130408163265306,201.48962879530376
12.140408163265308,196.2073906403923
12.150408163265308,187.26381181913425
12.160408163265307,0.0
12.170408163265307,421.6789194426005
12.180408163265307,420.6521736655962
12.190408163265307,402.99329274446234
12.200408163265307,0.0
12.210408163265306,0.0
12.220408163265308,0.0
12.230408163265308,0.0
12.240408163265307,76.24198401577165
12.250408163265307,75.99708038811795
12.260408163265307,87.63011343331895
12.270408163265307,106.43236892510909
12.280408163265307,108.203902735578
12.290408163265306,110.39776817046918
12.300408163265308,115.56540687948223
12.310408163265308,119.1749773242887
12.320408163265308,123.10354183407794
12.330408163265307,0.0
12.340408163265307,0.0
12.350408163265307,0.0
12.360408163265307,231.54921833257865
12.370408163265306,232.4677272091886
12.380408163265306,0.0
12.390408163265308,0.0
12.400408163265308,0.0
12.410408163265307,0.0
12.420408163265307,0.0
12.430408163265307,0.0
12.440408163265307,0.0
12.450408163265307,0.0
12.460408163265306,0.0
12.470408163265308,0.0
12.480408163265308,0.0
12.490408163265307,0.0
12.500408163265307,0.0
12.510408163265307,0.0
12.520408163265307,0.0
12.530408163265307,0.0
12.540408163265306,0.0
12.550408163265308,0.0
12.560408163265308,0.0
12.570408163265308,0.0
12.580408163265307,0.0
12.590408163265307,0.0
12.600408163265307,0.0
12.610408163265307,0.0
12.620408163265306,0.0
12.630408163265306,0.0
12.640408163265308,0.0
12.650408163265308,0.0
12.660408163265307,0.0
12.670408163265307,0.0
12.680408163265307,0.0
12.690408163265307,0.0
12.700408163265307,0.0
12.710408163265306,0.0
12.720408163265308,0.0
12.730408163265308,0.0
12.740408163265307,0.0
12.750408163265307,0.0
12.760408163265307,0.0
12.770408163265307,0.0
12.780408163265307,0.0
12.790408163265306,0.0
12.800408163265308,0.0
12.810408163265308,0.0
12.820408163265308,0.0
12.830408163265307,0.0
12.840408163265307,0.0
12.850408163265307,0.0
12.860408163265307,0.0
12.870408163265306,0.0
12.880408163265306,0.0
12.890408163265308,0.0
12.900408163265308,0.0
12.910408163265307,0.0
12.920408163265307,0.0
12.930408163265307,0.0
12.940408163265307,0.0
12.950408163265307,0.0
12.960408163265306,0.0
12.970408163265308,0.0
12.980408163265308,0.0
12.990408163265307,0.0
13.000408163265307,0.0
13.010408163265307,0.0
13.020408163265307,0.0
13.030408163265307,0.0
13.040408163265306,0.0
13.050408163265308,0.0
13.060408163265308,0.0
13.070408163265308,0.0
13.080408163265307,0.0
13.090408163265307,0.0
13.100408163265307,0.0
13.110408163265307,0.0
13.120408163265306,0.0
13.130408163265306,0.0
13.140408163265308,0.0
13.150408163265308,0.0
13.160408163265307,0.0
13.170408163265307,0.0
13.180408163265307,0.0
13.190408163265307,0.0
13.200408163265307,0.0
13.210408163265306,0.0
13.220408163265308,0.0
13.230408163265308,0.0
13.240408163265307,0.0
13.250408163265307,0.0
13.260408163265307,0.0
13.270408163265307,0.0
13.280408163265307,0.0
13.290408163265306,0.0
13.300408163265308,0.0
13.310408163265308,0.0
13.320408163265308,0.0
13.330408163265307,0.0
13.340408163265307,0.0
13.350408163265307,0.0
13.360408163265307,0.0
13.370408163265306,0.0
13.380408163265306,0.0
13.390408163265308,0.0
13.400408163265308,0.0
13.410408163265307,0.0
13.420408163265307,0.0
13.430408163265307,0.0
13.440408163265307,157.97127358215502
13.450408163265307,160.93784577922315
13.460408163265306,190.03070612673469
13.470408163265308,223.68389963535031
13.480408163265308,257.0670488241506
13.490408163265307,261.38207518429
13.500408163265307,267.1973857557123
13.510408163265307,282.01683108868673
13.520408163265307,289.8177956276104
13.530408163265307,291.35371236880894
13.540408163265306,287.96276993752605
13.550408163265308,281.07814794046544
13.560408163265308,275.0168582605455
13.570408163265308,272.00498910949307
13.580408163265307,268.893146883675
13.590408163265307,263.2076310408415
13.600408163265307,264.26701364471177
13.610408163265307,264.71228266535906
13.620408163265306,274.88097466495674
13.630408163265306,282.55220521980533
13.640408163265308,279.38596167186637
13.650408163265308,273.1064462729524
13.660408163265307,265.4363720518391
13.670408163265307,0.0
13.680408163265307,0.0
13.690408163265307,0.0
13.700408163265307,0.0
13.710408163265306,0.0
13.720408163265308,0.0
13.730408163265308,0.0
13.740408163265307,275.68271642633846
13.750408163265307,275.5615195859774
13.760408163265307,281.5508718197668
13.770408163265307,279.97010517752085
13.780408163265307,0.0
13.790408163265306,0.0
13.800408163265308,0.0
13.810408163265308,99.402626826189
13.820408163265308,101.80062303121728
13.830408163265307,141.3339943208006
13.840408163265307,142.26758426795575
13.850408163265307,142.5980186378722
13.860408163265307,0.0
13.870408163265306,0.0
13.880408163265306,131.30692310399215
13.890408163265308,131.31329697617218
13.900408163265308,133.34384729437113
13.910408163265307,0.0
13.920408163265307,0.0
13.930408163265307,0.0
13.940408163265307,0.0
13.950408163265307,0.0
13.960408163265306,0.0
13.970408163265308,0.0
13.980408163265308,0.0
13.990408163265307,0.0
14.000408163265307,0.0
14.010408163265307,0.0
14.020408163265307,0.0
14.030408163265307,0.0
14.040408163265306,0.0
14.050408163265308,0.0
14.060408163265308,0.0
14.070408163265308,0.0
14.080408163265307,140.36358105751071
14.090408163265307,141.02699214230856
14.100408163265307,0.0
14.110408163265307,0.0
14.120408163265306,0.0
14.130408163265306,0.0
14.140408163265308,0.0
14.150408163265308,0.0
14.160408163265307,0.0
14.170408163265307,0.0
14.180408163265307,0.0
14.190408163265307,0.0
14.200408163265307,0.0
14.210408163265306,0.0
14.220408163265308,0.0
14.230408163265308,0.0
14.240408163265307,0.0
14.250408163265307,0.0
14.260408163265307,0.0
14.270408163265307,0.0
14.280408163265307,0.0
14.290408163265306,0.0
14.300408163265308,0.0
14.310408163265308,0.0
14.320408163265308,0.0
14.330408163265307,0.0
14.340408163265307,0.0
14.350408163265307,0.0
14.360408163265307,0.0
14.370408163265306,0.0
14.380408163265306,0.0
14.390408163265308,0.0
14.400408163265308,0.0
14.410408163265307,0.0
14.420408163265307,0.0
14.430408163265307,0.0
14.440408163265307,0.0
14.450408163265307,0.0
14.460408163265306,0.0
14.470408163265308,0.0
14.480408163265308,0.0
14.490408163265307,0.0
14.500408163265307,0.0
14.510408163265307,0.0
14.520408163265307,0.0
14.530408163265307,0.0
14.540408163265306,0.0
14.550408163265308,0.0
14.560408163265308,0.0
14.570408163265308,0.0
14.580408163265307,0.0
14.590408163265307,0.0
14.600408163265307,0.0
14.610408163265307,0.0
14.620408163265306,0.0
14.630408163265306,0.0
14.640408163265308,0.0
14.650408163265308,0.0
14.660408163265307,0.0
14.670408163265307,0.0
14.680408163265307,0.0
14.690408163265307,0.0
14.700408163265307,0.0
14.710408163265306,0.0
14.720408163265308,0.0
14.730408163265308,0.0
14.740408163265307,0.0
14.750408163265307,0.0
14.760408163265307,0.0
14.770408163265307,0.0
14.780408163265307,0.0
14.790408163265306,0.0
14.800408163265308,0.0
14.810408163265308,0.0
14.820408163265308,0.0
14.830408163265307,0.0
14.840408163265307,0.0
14.850408163265307,0.0
14.860408163265307,0.0
14.870408163265306,0.0
14.880408163265306,0.0
14.890408163265308,0.0
14.900408163265308,0.0
14.910408163265307,0.0
14.920408163265307,0.0
14.930408163265307,0.0
14.940408163265307,0.0
14.950408163265307,0.0
14.960408163265306,0.0
14.970408163265308,0.0
14.980408163265308,0.0
14.990408163265307,0.0
15.000408163265307,0.0
15.010408163265307,0.0
15.020408163265307,0.0
15.030408163265307,0.0
15.040408163265306,0.0
15.050408163265308,0.0
15.060408163265308,130.80912662244626
15.070408163265308,131.06161010115594
15.080408163265307,130.532772918991
15.090408163265307,131.22773924395887
15.100408163265307,130.80658288704728
15.110408163265307,129.73413507418235
15.120408163265306,130.9137766285518
15.130408163265306,130.25047401298647
15.140408163265308,130.12865264849555
15.150408163265308,130.20751905299946
15.160408163265307,130.62074384692585
15.170408163265307,132.02658786535457
15.180408163265307,0.0
15.190408163265307,0.0
15.200408163265307,0.0
15.210408163265306,0.0
15.220408163265308,0.0
15.230408163265308,0.0
15.240408163265307,0.0
15.250408163265307,0.0
15.260408163265307,0.0
15.270408163265307,0.0
15.280408163265307,0.0
15.290408163265306,0.0
15.300408163265308,0.0
15.310408163265308,0.0
15.320408163265308,0.0
15.330408163265307,0.0
15.340408163265307,0.0
15.350408163265307,0.0
15.360408163265307,0.0
15.370408163265306,0.0
15.380408163265306,0.0
15.390408163265308,0.0
15.400408163265308,130.59695689657602
15.410408163265307,137.38474214211692
15.420408163265307,144.89542196286683
15.430408163265307,148.3700423985324
15.440408163265307,151.4753027817249
15.450408163265307,308.5005286890448
15.460408163265306,312.8411782666499
15.470408163265308,316.7914797286644
15.480408163265308,319.97914893019896
15.490408163265307,322.0754188491772
15.500408163265307,324.1925066108385
15.510408163265307,329.7563352246016
15.520408163265307,330.58475177649666
15.530408163265307,326.92830903397106
15.540408163265306,324.73791978384594
15.550408163265308,322.99703041689264
15.560408163265308,321.6179567179165
15.570408163265308,319.70670835980445
15.580408163265307,318.69414314056394
15.590408163265307,317.56460290268114
15.600408163265307,316.3942512450844
15.610408163265307,314.9723201166944
15.620408163265306,315.13684334538715
15.630408163265308,315.56062029293514
15.640408163265308,316.60506109246944
15.650408163265308,317.9184840770013
15.660408163265307,316.7523832085379
15.670408163265307,314.11154318806626
15.680408163265307,310.52340801528794
15.690408163265307,301.7835454521316
15.700408163265307,298.4369361740999
15.710408163265306,295.7669806949098
15.720408163265308,292.88300900594385
15.730408163265308,294.6361198295618
15.740408163265307,294.954172269528
15.750408163265307,286.54865585928854
15.760408163265307,280.9967443004801
15.770408163265307,278.26442483785746
15.780408163265307,275.83379967715484
15.790408163265306,273.86499015953484
15.800408163265308,271.85679914038013
15.810408163265308,270.65167728796285
15.820408163265308,268.0366105464921
15.830408163265307,265.9480081788094
15.840408163265307,260.11833948679663
15.850408163265307,252.35648602578567
15.860408163265307,461.398299154445
15.870408163265306,449.0526617823974
15.880408163265308,453.9425782483394
15.890408163265308,445.05103964017377
15.900408163265308,440.79949359347864
15.910408163265307,439.37240389339695
15.920408163265307,431.2080287619444
15.930408163265307,433.2218691686456
15.940408163265307,427.4778908170515
15.950408163265307,426.70827941746086
15.960408163265306,430.52831744108835
15.970408163265308,431.19268074044453
15.980408163265308,428.4782052587403
15.990408163265307,425.94910302948807
16.000408163265305,424.48307245115024
16.010408163265307,421.3580427530535
16.020408163265305,417.18275155275967
16.030408163265307,409.2304594997064
16.040408163265305,412.0882127374733
16.050408163265306,408.1289966217937
16.060408163265304,405.373153631294
16.070408163265306,0.0
16.080408163265304,0.0
16.090408163265305,0.0
16.100408163265307,0.0
16.110408163265305,0.0
16.120408163265306,0.0
16.130408163265304,0.0
16.140408163265306,0.0
16.150408163265304,149.646934741181
16.160408163265306,151.98615679808515
16.170408163265304,153.72513539923162
16.180408163265305,149.6807936234986
16.190408163265307,145.84305284020303
16.200408163265305,144.0380355142841
16.210408163265306,149.2807516262349
16.220408163265304,153.89948971663017
16.230408163265306,155.38641901392722
16.240408163265304,142.48116718852899
16.250408163265305,135.96787375449063
16.260408163265307,0.0
16.270408163265305,0.0
16.280408163265307,0.0
16.290408163265305,113.70821931907416
16.300408163265306,115.57030755873846
16.310408163265304,0.0
16.320408163265306,0.0
16.330408163265304,133.5519054021482
16.340408163265305,139.08654006691108
16.350408163265307,136.984370915131
16.360408163265305,134.15732204010652
16.370408163265306,133.48995293695114
16.380408163265304,135.10707302039165
16.390408163265306,135.26428346216736
16.400408163265304,134.69485902464865
16.410408163265306,135.05239366034522
16.420408163265304,131.88686186547588
16.430408163265305,129.14557661878158
16.440408163265307,127.52828817549211
16.450408163265305,125.19168373141639
16.460408163265306,127.496964309801
16.470408163265304,133.24286647492625
16.480408163265306,137.7613291207783
16.490408163265304,146.34055478648713
16.500408163265305,149.03433706058954
16.510408163265307,152.83225129513409
16.520408163265305,153.09382180179858
16.530408163265307,154.681838650717
16.540408163265305,155.47674109587842
16.550408163265306,153.88851940961712
16.560408163265304,148.87914831735506
16.570408163265306,145.92444894790728
16.580408163265304,0.0
16.590408163265305,0.0
16.600408163265307,0.0
16.610408163265305,0.0
16.620408163265306,0.0
16.630408163265304,0.0
16.640408163265306,140.46346270220414
16.650408163265304,145.35818367480306
16.660408163265306,147.41009913060353
16.670408163265304,147.5038272193927
16.680408163265305,145.09748567109526
16.690408163265307,146.6126194383694
16.700408163265305,152.26936088415408
16.710408163265306,157.93872811446607
16.720408163265304,160.148450978097
16.730408163265306,158.22594500322327
16.740408163265304,158.046755546683
16.750408163265305,157.40018012548703
16.760408163265307,154.99173854234604
16.770408163265305,150.08076537898353
16.780408163265307,142.82522011036994
16.790408163265305,136.7170624630688
16.800408163265306,139.1329349128067
16.810408163265304,138.96604266408653
16.820408163265306,136.9316870800447
16.830408163265304,144.0687826373466
16.840408163265305,153.39739375714572
16.850408163265307,152.89133619298556
16.860408163265305,151.8208594274269
16.870408163265306,0.0
16.880408163265304,0.0
16.890408163265306,0.0
16.900408163265304,0.0
16.910408163265306,147.56654091084786
16.920408163265304,150.762886070849
16.930408163265305,148.14265814879644
16.940408163265307,149.39191697683694
16.950408163265305,146.9676793258461
16.960408163265306,152.5939879670706
16.970408163265304,155.1505440491993
16.980408163265306,150.56041268754623
16.990408163265304,150.71902108356727
17.000408163265305,154.96799242440298
17.010408163265307,156.09803917677652
17.020408163265305,157.14268686836957
17.030408163265307,157.65625129784527
17.040408163265305,156.77253718779775
17.050408163265306,155.98716980065782
17.060408163265304,155.40169031378295
17.070408163265306,156.67075518508761
17.080408163265304,155.49752246789242
17.090408163265305,152.78392736955553
17.100408163265307,148.66817916254936
17.110408163265305,0.0
17.120408163265306,0.0
17.130408163265304,0.0
17.140408163265306,0.0
17.150408163265304,0.0
17.160408163265306,0.0
17.170408163265307,0.0
17.180408163265305,0.0
17.190408163265307,0.0
17.200408163265305,0.0
17.210408163265306,0.0
17.220408163265304,0.0
17.230408163265306,0.0
17.240408163265304,0.0
17.250408163265305,0.0
17.260408163265307,0.0
17.270408163265305,0.0
17.280408163265307,0.0
17.290408163265305,0.0
17.300408163265306,0.0
17.310408163265304,0.0
17.320408163265306,0.0
17.330408163265304,0.0
17.340408163265305,145.36807198352955
17.350408163265307,140.55460143589124
17.360408163265305,0.0
17.370408163265306,0.0
17.380408163265304,0.0
17.390408163265306,0.0
17.400408163265304,0.0
17.410408163265306,0.0
17.420408163265307,0.0
17.430408163265305,0.0
17.440408163265307,0.0
17.450408163265305,79.00824491716907
17.460408163265306,77.00439043931198
17.470408163265304,78.55899986388678
17.480408163265306,79.47124403897834
17.490408163265304,77.2173625189905
17.500408163265305,78.47031301974154
17.510408163265307,0.0
17.520408163265305,151.9010990616005
17.530408163265307,151.3189875876196
17.540408163265305,146.379652569689
17.550408163265306,146.02341019106794
17.560408163265304,147.92343439665083
17.570408163265306,144.16707535316255
17.580408163265304,145.04263156290557
17.590408163265305,148.54541154811432
17.600408163265307,148.75908839392122
17.610408163265305,145.041130241178
17.620408163265306,0.0
17.630408163265304,0.0
17.640408163265306,0.0
17.650408163265304,0.0
17.660408163265306,0.0
17.670408163265307,0.0
17.680408163265305,0.0
17.690408163265307,0.0
17.700408163265305,0.0
17.710408163265306,0.0
17.720408163265304,0.0
17.730408163265306,0.0
17.740408163265304,0.0
17.750408163265305,0.0
17.760408163265307,0.0
17.770408163265305,0.0
17.780408163265307,0.0
17.790408163265305,0.0
17.800408163265306,0.0
17.810408163265304,0.0
17.820408163265306,0.0
17.830408163265304,0.0
17.840408163265305,0.0
17.850408163265307,0.0
17.860408163265305,0.0
17.870408163265306,0.0
17.880408163265304,229.6294053066869
17.890408163265306,230.52727500079297
17.900408163265304,230.83801528063142
17.910408163265306,228.02512676541534
17.920408163265307,219.4041128766209
17.930408163265305,175.04996809918597
17.940408163265307,170.53545750801797
17.950408163265305,165.2909204256862
17.960408163265306,160.52868557826028
17.970408163265304,153.44115241850264
17.980408163265306,149.70223486532797
17.990408163265304,0.0
18.000408163265305,0.0
18.010408163265307,0.0
18.020408163265305,0.0
18.030408163265307,99.57451921123972
18.040408163265305,98.40460738615677
18.050408163265306,95.99539731002109
18.060408163265304,91.45976212158138
18.070408163265306,0.0
18.080408163265304,0.0
18.090408163265305,0.0
18.100408163265307,0.0
18.110408163265305,0.0
18.120408163265306,0.0
18.130408163265304,0.0
18.140408163265306,0.0
18.150408163265304,0.0
18.160408163265306,0.0
18.170408163265307,0.0
18.180408163265305,0.0
18.190408163265307,0.0
18.200408163265305,0.0
18.210408163265306,0.0
18.220408163265304,0.0
18.230408163265306,98.81386944459395
18.240408163265304,101.54563180364848
18.250408163265305,102.54951471349808
18.260408163265307,102.62901105450969
18.270408163265305,103.3857402868314
18.280408163265307,102.99288552601956
18.290408163265305,105.34728952674469
18.300408163265306,106.07216835564397
18.310408163265304,103.31278446875669
18.320408163265306,105.62553739365048
18.330408163265304,103.70375047782355
18.340408163265305,0.0
18.350408163265307,0.0
18.360408163265305,0.0
18.370408163265306,0.0
18.380408163265304,0.0
18.390408163265306,0.0
18.400408163265304,0.0
18.410408163265306,0.0
18.420408163265307,0.0
18.430408163265305,0.0
18.440408163265307,0.0
18.450408163265305,147.5930281977556
18.460408163265306,147.7978427952778
18.470408163265304,0.0
18.480408163265306,123.56383490497772
18.490408163265304,128.44958774785943
18.500408163265305,0.0
18.510408163265307,0.0
18.520408163265305,0.0
18.530408163265307,0.0
18.540408163265305,0.0
18.550408163265306,0.0
18.560408163265304,0.0
18.570408163265306,0.0
18.580408163265304,0.0
18.590408163265305,0.0
18.600408163265307,0.0
18.610408163265305,0.0
18.620408163265306,0.0
18.630408163265304,0.0
18.640408163265306,0.0
18.650408163265304,0.0
18.660408163265306,0.0
18.670408163265307,0.0
18.680408163265305,0.0
18.690408163265307,0.0
18.700408163265305,0.0
18.710408163265306,0.0
18.720408163265304,0.0
18.730408163265306,0.0
18.740408163265304,0.0
18.750408163265305,0.0
18.760408163265307,0.0
18.770408163265305,0.0
18.780408163265307,0.0
18.790408163265305,0.0
18.800408163265306,0.0
18.810408163265304,0.0
18.820408163265306,0.0
18.830408163265304,0.0
18.840408163265305,168.11421066587437
18.850408163265307,143.68663924833476
18.860408163265305,134.37404098299572
18.870408163265306,0.0
18.880408163265304,0.0
18.890408163265306,0.0
18.900408163265304,0.0
18.910408163265306,0.0
18.920408163265307,0.0
18.930408163265305,0.0
18.940408163265307,0.0
18.950408163265305,0.0
18.960408163265306,0.0
18.970408163265304,0.0
18.980408163265306,0.0
18.990408163265304,0.0
19.000408163265305,0.0
19.010408163265307,0.0
19.020408163265305,0.0
19.030408163265307,0.0
19.040408163265305,0.0
19.050408163265306,0.0
19.060408163265304,0.0
19.070408163265306,0.0
19.080408163265304,0.0
19.090408163265305,0.0
19.100408163265307,0.0
19.110408163265305,0.0
19.120408163265306,0.0
19.130408163265304,0.0
19.140408163265306,0.0
19.150408163265304,0.0
19.160408163265306,0.0
19.170408163265307,0.0
19.180408163265305,0.0
19.190408163265307,0.0
19.200408163265305,0.0
19.210408163265306,0.0
19.220408163265304,0.0
19.230408163265306,0.0
19.240408163265304,0.0
19.250408163265305,0.0
19.260408163265307,0.0
19.270408163265305,0.0
19.280408163265307,0.0
19.290408163265305,0.0
19.300408163265306,0.0
19.310408163265304,0.0
19.320408163265306,0.0
19.330408163265304,0.0
19.340408163265305,0.0
19.350408163265307,0.0
19.360408163265305,0.0
19.370408163265306,0.0
19.380408163265304,0.0
19.390408163265306,0.0
19.400408163265304,0.0
19.410408163265306,0.0
19.420408163265307,0.0
19.430408163265305,0.0
19.440408163265307,0.0
19.450408163265305,0.0
19.460408163265306,0.0
19.470408163265304,0.0
19.480408163265306,0.0
19.490408163265304,0.0
19.500408163265305,0.0
19.510408163265307,0.0
19.520408163265305,0.0
19.530408163265307,0.0
19.540408163265305,0.0
19.550408163265306,0.0
19.560408163265304,0.0
19.570408163265306,0.0
19.580408163265304,0.0
19.590408163265305,0.0
19.600408163265307,0.0
19.610408163265305,0.0
19.620408163265306,0.0
19.630408163265304,0.0
19.640408163265306,0.0
19.650408163265304,0.0
19.660408163265306,0.0
19.670408163265307,0.0
19.680408163265305,0.0
19.690408163265307,0.0
19.700408163265305,0.0
19.710408163265306,0.0
19.720408163265304,0.0
19.730408163265306,0.0
19.740408163265304,0.0
19.750408163265305,0.0
19.760408163265307,0.0
19.770408163265305,0.0
19.780408163265307,0.0
19.790408163265305,0.0
19.800408163265306,0.0
19.810408163265304,0.0
19.820408163265306,0.0
19.830408163265304,0.0
19.840408163265305,0.0
19.850408163265307,0.0
19.860408163265305,0.0
19.870408163265306,0.0
19.880408163265304,0.0
19.890408163265306,0.0
19.900408163265304,0.0
19.910408163265306,0.0
19.920408163265307,0.0
19.930408163265305,0.0
19.940408163265307,0.0
19.950408163265305,0.0
19.960408163265306,0.0
19.970408163265304,103.86889125607983
19.980408163265306,107.52513150927737
19.990408163265304,108.01246983571136
20.000408163265305,104.77622642922195
20.010408163265307,0.0
20.020408163265305,0.0
20.030408163265307,0.0
20.040408163265305,0.0
20.050408163265306,0.0
20.060408163265304,0.0
20.070408163265306,0.0
20.080408163265304,0.0
20.090408163265305,0.0
20.100408163265307,0.0
20.110408163265305,0.0
20.120408163265306,0.0
20.130408163265304,0.0
20.140408163265306,0.0
20.150408163265304,0.0
20.160408163265306,0.0
20.170408163265307,0.0
20.180408163265305,0.0
20.190408163265307,0.0
20.200408163265305,0.0
20.210408163265306,0.0
20.220408163265304,0.0
20.230408163265306,0.0
20.240408163265304,0.0
20.250408163265305,0.0
20.260408163265307,0.0
20.270408163265305,0.0
20.280408163265307,0.0
20.290408163265305,0.0
20.300408163265306,0.0
20.310408163265304,0.0
20.320408163265306,0.0
20.330408163265304,0.0
20.340408163265305,0.0
20.350408163265307,0.0
20.360408163265305,0.0
20.370408163265306,0.0
20.380408163265304,0.0
20.390408163265306,0.0
20.400408163265304,0.0
20.410408163265306,0.0
20.420408163265307,0.0
20.430408163265305,0.0
20.440408163265307,0.0
20.450408163265305,0.0
20.460408163265306,0.0
20.470408163265304,0.0
20.480408163265306,0.0
20.490408163265304,0.0
20.500408163265305,0.0
20.510408163265307,0.0
20.520408163265305,0.0
20.530408163265307,0.0
20.540408163265305,0.0
20.550408163265306,0.0
20.560408163265304,0.0
20.570408163265306,0.0
20.580408163265304,0.0
20.590408163265305,0.0
20.600408163265307,0.0
20.610408163265305,0.0
20.620408163265306,0.0
20.630408163265304,0.0
20.640408163265306,0.0
20.650408163265304,0.0
20.660408163265306,0.0
20.670408163265307,0.0
20.680408163265305,0.0
20.690408163265307,0.0
20.700408163265305,0.0
20.710408163265306,0.0
20.720408163265304,0.0
20.730408163265306,0.0
20.740408163265304,0.0
20.750408163265305,0.0
20.760408163265307,100.07381252682889
20.770408163265305,108.69819306137316
20.780408163265307,107.94730293191849
20.790408163265305,104.78063256259395
20.800408163265306,104.68943109403537
20.810408163265304,106.72579043324592
20.820408163265306,108.14560121999007
20.830408163265304,120.22432258619351
20.840408163265305,121.37426063054603
20.850408163265307,127.32853319553051
20.860408163265305,145.5561613617302
20.870408163265306,150.86862359361774
20.880408163265304,167.2904049108117
20.890408163265306,168.7475326831016
20.900408163265304,0.0
20.910408163265306,0.0
20.920408163265307,0.0
20.930408163265305,0.0
20.940408163265307,0.0
20.950408163265305,0.0
20.960408163265306,0.0
20.970408163265304,0.0
20.980408163265306,0.0
20.990408163265304,0.0
21.000408163265305,0.0
21.010408163265307,0.0
21.020408163265305,0.0
21.030408163265307,0.0
21.040408163265305,0.0
21.050408163265306,0.0
21.060408163265304,0.0
21.070408163265306,0.0
21.080408163265304,0.0
21.090408163265305,0.0
21.100408163265307,0.0
21.110408163265305,0.0
21.120408163265306,0.0
21.130408163265304,0.0
21.140408163265306,104.15748973555618
21.150408163265304,99.68754659702273
21.160408163265306,102.49231046967033
21.170408163265307,105.22099129934213
21.180408163265305,104.17895633319134
21.190408163265307,101.43791888531896
21.200408163265305,195.4118680896731
21.210408163265306,179.42628883508118
21.220408163265304,173.25040120153844
21.230408163265306,169.07662917898404
21.240408163265304,163.1828851569003
21.250408163265305,157.50932737558412
21.260408163265307,146.91665025434554
21.270408163265305,134.70928354935862
21.280408163265307,0.0
21.290408163265305,0.0
21.300408163265306,0.0
21.310408163265304,0.0
21.320408163265306,0.0
21.330408163265304,0.0
21.340408163265305,0.0
21.350408163265307,0.0
21.360408163265305,0.0
21.370408163265306,0.0
21.380408163265304,0.0
21.390408163265306,0.0
21.400408163265304,0.0
21.410408163265306,0.0
21.420408163265307,0.0
21.430408163265305,0.0
21.440408163265307,0.0
21.450408163265305,0.0
21.460408163265306,0.0
21.470408163265304,0.0
21.480408163265306,0.0
21.490408163265304,0.0
21.500408163265305,0.0
21.510408163265307,0.0
21.520408163265305,0.0
21.530408163265307,0.0
21.540408163265305,0.0
21.550408163265306,0.0
21.560408163265304,0.0
21.570408163265306,0.0
21.580408163265304,0.0
21.590408163265305,0.0
21.600408163265307,0.0
21.610408163265305,0.0
21.620408163265306,0.0
21.630408163265304,0.0
21.640408163265306,132.17588702560056
21.650408163265304,129.67019725051753
21.660408163265306,128.97252031844135
21.670408163265307,0.0
21.680408163265305,317.9524212395735
21.690408163265307,308.3346851230519
21.700408163265305,0.0
21.710408163265306,0.0
21.720408163265304,0.0
21.730408163265306,0.0
21.740408163265304,0.0
21.750408163265305,0.0
21.760408163265307,0.0
21.770408163265305,0.0
21.780408163265307,0.0
21.790408163265305,0.0
21.800408163265306,0.0
21.810408163265304,0.0
21.820408163265306,0.0
21.830408163265304,0.0
21.840408163265305,0.0
21.850408163265307,0.0
21.860408163265305,0.0
21.870408163265306,0.0
21.880408163265304,0.0
21.890408163265306,0.0
21.900408163265304,0.0
21.910408163265306,0.0
21.920408163265307,0.0
21.930408163265305,0.0
21.940408163265307,0.0
21.950408163265305,0.0
21.960408163265306,0.0
21.970408163265304,0.0
21.980408163265306,0.0
21.990408163265304,0.0
22.000408163265305,0.0
22.010408163265307,0.0
22.020408163265305,0.0
22.030408163265307,0.0
22.040408163265305,0.0
22.050408163265306,0.0
22.060408163265304,0.0
22.070408163265306,0.0
22.080408163265304,0.0
22.090408163265305,0.0
22.100408163265307,0.0
22.110408163265305,0.0
22.120408163265306,0.0
22.130408163265304,0.0
22.140408163265306,0.0
22.150408163265304,0.0
22.160408163265306,0.0
22.170408163265307,0.0
22.180408163265305,0.0
22.190408163265307,0.0
22.200408163265305,0.0
22.210408163265306,0.0
22.220408163265304,0.0
22.230408163265306,0.0
22.240408163265304,0.0
22.250408163265305,0.0
22.260408163265307,0.0
22.270408163265305,0.0
22.280408163265307,0.0
22.290408163265305,0.0
22.300408163265306,0.0
22.310408163265304,0.0
22.320408163265306,0.0
22.330408163265304,0.0
22.340408163265305,0.0
22.350408163265307,0.0
22.360408163265305,0.0
22.370408163265306,0.0
22.380408163265304,0.0
22.390408163265306,0.0
22.400408163265304,0.0
22.410408163265306,0.0
22.420408163265307,0.0
22.430408163265305,0.0
22.440408163265307,0.0
22.450408163265305,0.0
22.460408163265306,0.0
22.470408163265304,0.0
22.480408163265306,0.0
22.490408163265304,0.0
22.500408163265305,0.0
22.510408163265307,0.0
22.520408163265305,0.0
22.530408163265307,0.0
22.540408163265305,0.0
22.550408163265306,0.0
22.560408163265304,0.0
22.570408163265306,0.0
22.580408163265304,0.0
22.590408163265305,0.0
22.600408163265307,0.0
22.610408163265305,0.0
22.620408163265306,0.0
22.630408163265304,0.0
22.640408163265306,0.0
22.650408163265304,0.0
22.660408163265306,0.0
22.670408163265307,0.0
22.680408163265305,0.0
22.690408163265307,0.0
22.700408163265305,0.0
22.710408163265306,0.0
22.720408163265304,0.0
22.730408163265306,0.0
22.740408163265304,0.0
22.750408163265305,0.0
22.760408163265307,0.0
22.770408163265305,0.0
22.780408163265307,0.0
22.790408163265305,0.0
22.800408163265306,0.0
22.810408163265304,0.0
22.820408163265306,0.0
22.830408163265304,0.0
22.840408163265305,0.0
22.850408163265307,0.0
22.860408163265305,0.0
22.870408163265306,0.0
22.880408163265304,0.0
22.890408163265306,0.0
22.900408163265304,0.0
22.910408163265306,0.0
22.920408163265307,0.0
22.930408163265305,0.0
22.940408163265307,0.0
22.950408163265305,0.0
22.960408163265306,0.0
22.970408163265304,0.0
22.980408163265306,0.0
22.990408163265304,0.0
23.000408163265305,0.0
23.010408163265307,0.0
23.020408163265305,0.0
23.030408163265307,0.0
23.040408163265305,0.0
23.050408163265306,0.0
23.060408163265304,0.0
23.070408163265306,0.0
23.080408163265304,0.0
23.090408163265305,0.0
23.100408163265307,0.0
23.110408163265305,0.0
23.120408163265306,0.0
23.130408163265304,0.0
23.140408163265306,0.0
23.150408163265304,0.0
23.160408163265306,0.0
23.170408163265307,0.0
23.180408163265305,0.0
23.190408163265307,0.0
23.200408163265305,0.0
23.210408163265306,0.0
23.220408163265304,0.0
23.230408163265306,0.0
23.240408163265304,0.0
23.250408163265305,0.0
23.260408163265307,0.0
23.270408163265305,0.0
23.280408163265307,0.0
23.290408163265305,0.0
23.300408163265306,0.0
23.310408163265304,0.0
23.320408163265306,0.0
23.330408163265304,0.0
23.340408163265305,0.0
23.350408163265307,0.0
23.360408163265305,0.0
23.370408163265306,0.0
23.380408163265304,0.0
23.390408163265306,0.0
23.400408163265304,0.0
23.410408163265306,0.0
23.420408163265307,0.0
23.430408163265305,0.0
23.440408163265307,0.0
23.450408163265305,0.0
23.460408163265306,0.0
23.470408163265304,0.0
23.480408163265306,0.0
23.490408163265304,0.0
23.500408163265305,0.0
23.510408163265307,0.0
23.520408163265305,0.0
23.530408163265307,0.0
23.540408163265305,0.0
23.550408163265306,0.0
23.560408163265304,0.0
23.570408163265306,0.0
23.580408163265304,0.0
23.590408163265305,0.0
23.600408163265307,0.0
23.610408163265305,0.0
23.620408163265306,0.0
23.630408163265304,0.0
23.640408163265306,0.0
23.650408163265304,0.0
23.660408163265306,0.0
23.670408163265307,97.41291981674199
23.680408163265305,96.07049781789469
23.690408163265307,95.13466519954262
23.700408163265305,91.11374456366586
23.710408163265306,91.29505094393573
23.720408163265304,91.56055481352814
23.730408163265306,98.30655283569497
23.740408163265304,96.7346997414316
23.750408163265305,97.66314188838321
23.760408163265307,95.68849770076066
23.770408163265305,94.37843150320603
23.780408163265307,91.46505267612419
23.790408163265305,90.98929772766094
23.800408163265306,0.0
23.810408163265304,0.0
23.820408163265306,0.0
23.830408163265304,0.0
23.840408163265305,0.0
23.850408163265307,0.0
23.860408163265305,0.0
23.870408163265306,0.0
23.880408163265304,0.0
23.890408163265306,0.0
23.900408163265304,0.0
23.910408163265306,0.0
23.920408163265307,0.0
23.930408163265305,0.0
23.940408163265307,0.0
23.950408163265305,107.03164853250897
23.960408163265306,110.37932613822365
23.970408163265304,109.83622949011244
23.980408163265306,109.7327654222007
23.990408163265304,108.3828042224324
24.000408163265305,106.65938260125043
24.010408163265307,110.10704561686259
24.020408163265305,110.71697039859156
24.030408163265307,114.67294968996197
24.040408163265305,123.86759343206896
24.050408163265306,123.9607552629411
24.060408163265304,129.0269615868223
24.070408163265306,131.6136373622819
24.080408163265307,132.4274173650112
24.090408163265305,138.02799887088645
24.100408163265307,141.54741483903703
24.110408163265305,0.0
24.120408163265306,207.84808881033837
24.130408163265304,211.20442547924006
24.140408163265306,227.12001790831133
24.150408163265304,228.55254107634735
24.160408163265306,225.69362935909405
24.170408163265307,222.60033161466282
24.180408163265305,220.74035951701322
24.190408163265307,218.94573425890735
24.200408163265305,217.27995636798784
24.210408163265306,215.3714112784672
24.220408163265304,212.6783237008184
24.230408163265306,210.20990405966074
24.240408163265304,206.58134176989913
24.250408163265305,201.0144981549035
24.260408163265307,197.535646055229
24.270408163265305,196.94701334146285
24.280408163265307,197.6979293239859
24.290408163265305,196.62472878109605
24.300408163265306,199.92293955805448
24.310408163265304,0.0
24.320408163265306,0.0
24.330408163265307,0.0
24.340408163265305,0.0
24.350408163265307,0.0
24.360408163265305,0.0
24.370408163265306,0.0
24.380408163265304,0.0
24.390408163265306,0.0
24.400408163265304,0.0
24.410408163265306,0.0
24.420408163265307,0.0
24.430408163265305,0.0
24.440408163265307,0.0
24.450408163265305,0.0
24.460408163265306,0.0
24.470408163265304,0.0
24.480408163265306,0.0
24.490408163265304,0.0
24.500408163265305,0.0
24.510408163265307,0.0
24.520408163265305,0.0
24.530408163265307,0.0
24.540408163265305,0.0
24.550408163265306,0.0
24.560408163265304,106.29829646494032
24.570408163265306,103.1945871613999
24.580408163265307,99.48031326752478
24.590408163265305,96.45543366778357
24.600408163265307,97.69908492620706
24.610408163265305,97.57986085543108
24.620408163265306,92.3177798710197
24.630408163265304,95.54120184503175
24.640408163265306,98.19164992422148
24.650408163265304,102.26031665701245
24.660408163265306,105.04354861576715
24.670408163265307,108.52272188962826
24.680408163265305,110.87079671586918
24.690408163265307,115.15138117597073
24.700408163265305,116.64710390340241
24.710408163265306,118.5741582632304
24.720408163265304,121.53881459084089
24.730408163265306,122.15460495370193
24.740408163265304,141.60669535751256
24.750408163265305,144.26493884789244
24.760408163265307,150.79026852828042
24.770408163265305,154.42794557346198
24.780408163265307,159.4637360137923
24.790408163265305,164.66804488271075
24.800408163265306,166.85870284432937
24.810408163265304,0.0
24.820408163265306,0.0
24.830408163265307,0.0
24.840408163265305,0.0
24.850408163265307,0.0
24.860408163265305,0.0
24.870408163265306,0.0
24.880408163265304,0.0
24.890408163265306,0.0
24.900408163265304,0.0
24.910408163265306,0.0
24.920408163265307,0.0
24.930408163265305,0.0
24.940408163265307,0.0
24.950408163265305,0.0
24.960408163265306,0.0
24.970408163265304,0.0
24.980408163265306,0.0
24.990408163265304,0.0
25.000408163265305,0.0
25.010408163265307,0.0
25.020408163265305,0.0
25.030408163265307,0.0
25.040408163265305,0.0
25.050408163265306,0.0
25.060408163265304,0.0
25.070408163265306,0.0
25.080408163265307,0.0
25.090408163265305,0.0
25.100408163265307,0.0
25.110408163265305,0.0
25.120408163265306,0.0
25.130408163265304,0.0
25.140408163265306,0.0
25.150408163265304,0.0
25.160408163265306,0.0
25.170408163265307,0.0
25.180408163265305,0.0
25.190408163265307,0.0
25.200408163265305,0.0
25.210408163265306,0.0
25.220408163265304,0.0
25.230408163265306,0.0
25.240408163265304,0.0
25.250408163265305,0.0
25.260408163265307,0.0
25.270408163265305,0.0
25.280408163265307,0.0
25.290408163265305,104.90927244194725
25.300408163265306,107.88537543166889
25.310408163265304,108.45277667265339
25.320408163265306,110.23260971260298
25.330408163265307,109.12862366325592
25.340408163265305,111.3537569204999
25.350408163265307,108.650551620073
25.360408163265305,119.30722942341843
25.370408163265306,119.87658503355634
25.380408163265304,0.0
25.390408163265306,152.59851144866232
25.400408163265304,150.68315234229573
25.410408163265306,147.12199765739928
25.420408163265307,416.3059807043788
25.430408163265305,416.33448153034493
25.440408163265307,439.8325690059147
25.450408163265305,449.7554684664734
25.460408163265306,453.1366181950818
25.470408163265304,0.0
25.480408163265306,0.0
25.490408163265304,0.0
25.500408163265305,0.0
25.510408163265307,468.16054643058504
25.520408163265305,438.1714926482197
25.530408163265307,444.0403423099329
25.540408163265305,395.1559260505663
25.550408163265306,392.8008817409277
25.560408163265304,392.6036335864272
25.570408163265306,0.0
25.580408163265307,96.67406094575897
25.590408163265305,97.46541782650256
25.600408163265307,98.13269203933315
25.610408163265305,99.40561838881658
25.620408163265306,101.4925008841343
25.630408163265304,105.16488568203926
25.640408163265306,110.319427485382
25.650408163265304,113.90271987343897
25.660408163265306,119.11620434617329
25.670408163265307,123.13498873740343
25.680408163265305,126.12729330727775
25.690408163265307,128.0652184307462
25.700408163265305,131.14807280018564
25.710408163265306,135.5182799920594
25.720408163265304,137.58369735392586
25.730408163265306,140.09049339527053
25.740408163265304,141.8611252591115
25.750408163265305,143.30318180163982
25.760408163265307,145.5566960849467
25.770408163265305,148.15827602347755
25.780408163265307,152.62602891674132
25.790408163265305,158.18142682018623
25.800408163265306,162.5066662216373
25.810408163265304,166.16280471610094
25.820408163265306,168.7452626210376
25.830408163265307,99.56336494058104
25.840408163265305,100.21240313821559
25.850408163265307,99.93931752945679
25.860408163265305,100.47834402829092
25.870408163265306,0.0
25.880408163265304,556.8044428869449
25.890408163265306,560.0676809513363
25.900408163265304,562.7958503787456
25.910408163265306,569.7818001474726
25.920408163265307,579.2309153990508
25.930408163265305,571.8523587156859
25.940408163265307,518.263004998282
25.950408163265305,494.94248707216826
25.960408163265306,468.03486583271007
25.970408163265304,0.0
25.980408163265306,0.0
25.990408163265304,0.0
26.000408163265305,0.0
26.010408163265307,0.0
26.020408163265305,0.0
26.030408163265307,0.0
26.040408163265305,0.0
26.050408163265306,0.0
26.060408163265304,0.0
26.070408163265306,484.64827649370466
26.080408163265307,512.2818338671439
26.090408163265305,0.0
26.100408163265307,0.0
26.110408163265305,0.0
26.120408163265306,0.0
26.130408163265304,0.0
26.140408163265306,0.0
26.150408163265304,0.0
26.160408163265306,0.0
26.170408163265307,0.0
26.180408163265305,0.0
26.190408163265307,0.0
26.200408163265305,0.0
26.210408163265306,0.0
26.220408163265304,0.0
26.230408163265306,0.0
26.240408163265304,0.0
26.250408163265305,0.0
26.260408163265307,0.0
26.270408163265305,0.0
26.280408163265307,0.0
26.290408163265305,0.0
26.300408163265306,0.0
26.310408163265304,0.0
26.320408163265306,0.0
26.330408163265307,0.0
26.340408163265305,0.0
26.350408163265307,0.0
26.360408163265305,0.0
26.370408163265306,0.0
26.380408163265304,0.0
26.390408163265306,0.0
26.400408163265304,0.0
26.410408163265306,0.0
26.420408163265307,0.0
26.430408163265305,0.0
26.440408163265307,0.0
26.450408163265305,0.0
26.460408163265306,0.0
26.470408163265304,0.0
26.480408163265306,0.0
26.490408163265304,0.0
26.500408163265305,0.0
26.510408163265307,0.0
26.520408163265305,0.0
26.530408163265307,147.93673184757046
26.540408163265305,161.05370578593758
26.550408163265306,177.44982604836397
26.560408163265304,193.95969370170408
26.570408163265306,218.63663441003646
26.580408163265307,262.3959354064283
26.590408163265305,290.2868002879606
26.600408163265307,310.97763719875974
26.610408163265305,379.8710910422788
26.620408163265306,414.3452206887678
26.630408163265304,423.7133186362961
26.640408163265306,446.40509322977925
26.650408163265304,457.76084032406226
26.660408163265306,460.28483035924756
26.670408163265307,447.8127565909771
26.680408163265305,434.3680414174498
26.690408163265307,419.58650383006096
26.700408163265305,381.77798012571765
26.710408163265306,424.92752292723947
26.720408163265304,436.9501427046956
26.730408163265306,454.4176697327653
26.740408163265304,452.8430164040892
26.750408163265305,441.7374486225386
26.760408163265307,430.57399281799866
26.770408163265305,421.51654919559445
26.780408163265307,426.8403125985807
26.790408163265305,439.6349102378871
26.800408163265306,447.3868820258933
26.810408163265304,450.47689270880664
26.820408163265306,454.73064519753126
26.830408163265307,458.5598950196356
26.840408163265305,0.0
26.850408163265307,0.0
26.860408163265305,0.0
26.870408163265306,0.0
26.880408163265304,0.0
26.890408163265306,439.1356256573763
26.900408163265304,437.2902216135457
26.910408163265306,439.19822906915056
26.920408163265307,438.1336605851663
26.930408163265305,432.21643592199354
26.940408163265307,432.97302334751174
26.950408163265305,0.0
26.960408163265306,0.0
26.970408163265304,0.0
26.980408163265306,0.0
26.990408163265304,0.0
27.000408163265305,0.0
27.010408163265307,0.0
27.020408163265305,0.0
27.030408163265307,430.99871259314676
27.040408163265305,431.34598787108865
27.050408163265306,437.6176975175705
27.060408163265304,402.20628330004445
27.070408163265306,396.21694724131555
27.080408163265307,402.3353850127305
27.090408163265305,402.08193772262166
27.100408163265307,401.15981652836643
27.110408163265305,397.8878609484345
27.120408163265306,442.7584162186669
27.130408163265304,440.3280889340108
27.140408163265306,438.8573128016159
27.150408163265304,437.9494405629422
27.160408163265306,434.7973197368636
27.170408163265307,436.66626933475555
27.180408163265305,446.6876557114111
27.190408163265307,444.9568741484635
27.200408163265305,0.0
27.210408163265306,0.0
27.220408163265304,0.0
27.230408163265306,0.0
27.240408163265304,0.0
27.250408163265305,0.0
27.260408163265307,0.0
27.270408163265305,0.0
27.280408163265307,0.0
27.290408163265305,0.0
27.300408163265306,0.0
27.310408163265304,0.0
27.320408163265306,0.0
27.330408163265307,0.0
27.340408163265305,0.0
27.350408163265307,0.0
27.360408163265305,0.0
27.370408163265306,0.0
27.380408163265304,0.0
27.390408163265306,0.0
27.400408163265304,0.0
27.410408163265306,0.0
27.420408163265307,0.0
27.430408163265305,0.0
27.440408163265307,0.0
27.450408163265305,0.0
27.460408163265306,0.0
27.470408163265304,0.0
27.480408163265306,0.0
27.490408163265304,0.0
27.500408163265305,0.0
27.510408163265307,0.0
27.520408163265305,0.0
27.530408163265307,0.0
27.540408163265305,0.0
27.550408163265306,0.0
27.560408163265304,0.0
27.570408163265306,0.0
27.580408163265307,0.0
27.590408163265305,0.0
27.600408163265307,0.0
27.610408163265305,0.0
27.620408163265306,0.0
27.630408163265304,0.0
27.640408163265306,0.0
27.650408163265304,0.0
27.660408163265306,0.0
27.670408163265307,0.0
27.680408163265305,0.0
27.690408163265307,0.0
27.700408163265305,0.0
27.710408163265306,0.0
27.720408163265304,0.0
27.730408163265306,0.0
27.740408163265304,0.0
27.750408163265305,0.0
27.760408163265307,0.0
27.770408163265305,0.0
27.780408163265307,0.0
27.790408163265305,0.0
27.800408163265306,0.0
27.810408163265304,0.0
27.820408163265306,0.0
27.830408163265307,0.0
27.840408163265305,0.0
27.850408163265307,0.0
27.860408163265305,0.0
27.870408163265306,0.0
27.880408163265304,0.0
27.890408163265306,0.0
27.900408163265304,0.0
27.910408163265306,0.0
27.920408163265307,0.0
27.930408163265305,0.0
27.940408163265307,0.0
27.950408163265305,0.0
27.960408163265306,0.0
27.970408163265304,0.0
27.980408163265306,0.0
27.990408163265304,0.0
28.000408163265305,0.0
28.010408163265307,0.0
28.020408163265305,0.0
28.030408163265307,0.0
28.040408163265305,0.0
28.050408163265306,0.0
28.060408163265304,0.0
28.070408163265306,0.0
28.080408163265307,0.0
28.090408163265305,0.0
28.100408163265307,0.0
28.110408163265305,0.0
28.120408163265306,0.0
28.130408163265304,0.0
28.140408163265306,0.0
28.150408163265304,0.0
28.160408163265306,0.0
28.170408163265307,0.0
28.180408163265305,0.0
28.190408163265307,0.0
28.200408163265305,0.0
28.210408163265306,0.0
28.220408163265304,0.0
28.230408163265306,0.0
28.240408163265304,0.0
28.250408163265305,0.0
28.260408163265307,0.0
28.270408163265305,0.0
28.280408163265307,0.0
28.290408163265305,0.0
28.300408163265306,0.0
28.310408163265304,0.0
28.320408163265306,0.0
28.330408163265307,0.0
28.340408163265305,0.0
28.350408163265307,0.0
28.360408163265305,0.0
28.370408163265306,0.0
28.380408163265304,0.0
28.390408163265306,0.0
28.400408163265304,0.0
28.410408163265306,0.0
28.420408163265307,0.0
28.430408163265305,0.0
28.440408163265307,0.0
28.450408163265305,0.0
28.460408163265306,0.0
28.470408163265304,0.0
28.480408163265306,0.0
28.490408163265304,0.0
28.500408163265305,0.0
28.510408163265307,0.0
28.520408163265305,0.0
28.530408163265307,0.0
28.540408163265305,0.0
28.550408163265306,0.0
28.560408163265304,0.0
28.570408163265306,0.0
28.580408163265307,0.0
28.590408163265305,0.0
28.600408163265307,0.0
28.610408163265305,0.0
28.620408163265306,0.0
28.630408163265304,0.0
28.640408163265306,0.0
28.650408163265304,0.0
28.660408163265306,0.0
28.670408163265307,0.0
28.680408163265305,0.0
28.690408163265307,0.0
28.700408163265305,0.0
28.710408163265306,0.0
28.720408163265304,0.0
28.730408163265306,0.0
28.740408163265304,0.0
28.750408163265305,0.0
28.760408163265307,0.0
28.770408163265305,0.0
28.780408163265307,0.0
28.790408163265305,0.0
28.800408163265306,0.0
28.810408163265304,0.0
28.820408163265306,0.0
28.830408163265307,0.0
28.840408163265305,0.0
28.850408163265307,0.0
28.860408163265305,0.0
28.870408163265306,0.0
28.880408163265304,0.0
28.890408163265306,0.0
28.900408163265304,0.0
28.910408163265306,0.0
28.920408163265307,0.0
28.930408163265305,0.0
28.940408163265307,0.0
28.950408163265305,0.0
28.960408163265306,0.0
28.970408163265304,0.0
28.980408163265306,0.0
28.990408163265304,0.0
29.000408163265305,0.0
29.010408163265307,0.0
29.020408163265305,0.0
29.030408163265307,0.0
29.040408163265305,0.0
29.050408163265306,0.0
29.060408163265304,0.0
29.070408163265306,0.0
29.080408163265307,0.0
29.090408163265305,0.0
29.100408163265307,0.0
29.110408163265305,0.0
29.120408163265306,0.0
29.130408163265304,0.0
29.140408163265306,0.0
29.150408163265304,0.0
29.160408163265306,0.0
29.170408163265307,0.0
29.180408163265305,0.0
29.190408163265307,0.0
29.200408163265305,0.0
29.210408163265306,0.0
29.220408163265304,0.0
29.230408163265306,0.0
29.240408163265304,0.0
29.250408163265305,0.0
29.260408163265307,0.0
29.270408163265305,0.0
29.280408163265307,0.0
29.290408163265305,0.0
29.300408163265306,0.0
29.310408163265304,0.0
29.320408163265306,0.0
29.330408163265307,0.0
29.340408163265305,0.0
29.350408163265307,0.0
29.360408163265305,0.0
29.370408163265306,0.0
29.380408163265304,0.0
29.390408163265306,0.0
29.400408163265304,0.0
29.410408163265306,164.42274672166982
29.420408163265307,164.89546895208787
29.430408163265305,161.47769038358493
29.440408163265307,162.90451177096708
29.450408163265305,158.56676523505058
29.460408163265306,0.0
29.470408163265304,0.0
29.480408163265306,0.0
29.490408163265304,0.0
29.500408163265305,0.0
29.510408163265307,0.0
29.520408163265305,0.0
29.530408163265307,0.0
29.540408163265305,0.0
29.550408163265306,0.0
29.560408163265304,0.0
29.570408163265306,0.0
29.580408163265307,0.0
29.590408163265305,0.0
29.600408163265307,0.0
29.610408163265305,0.0
29.620408163265306,0.0
29.630408163265304,0.0
29.640408163265306,0.0
29.650408163265304,0.0
29.660408163265306,0.0
29.670408163265307,322.97420690767353
29.680408163265305,331.0618178676348
29.690408163265307,379.548489411609
29.700408163265305,349.88224856305396
29.710408163265306,348.63718938261763
29.720408163265304,350.11247356572443
29.730408163265306,392.13632000491015
29.740408163265304,403.27795181050686
29.750408163265305,398.3135989556487
29.760408163265307,387.1623096903831
29.770408163265305,387.8468446712217
29.780408163265307,384.8931344359535
29.790408163265305,383.5315653128423
29.800408163265306,378.4288004298256
29.810408163265304,375.01824902444463
29.820408163265306,357.5481613539509
29.830408163265307,351.2561688296528
29.840408163265305,350.0075164641126
29.850408163265307,350.98771613029743
29.860408163265305,353.9045240074444
29.870408163265306,0.0
29.880408163265304,0.0
29.890408163265306,0.0
29.900408163265304,0.0
29.910408163265306,0.0
29.920408163265307,0.0
29.930408163265305,0.0
29.940408163265307,0.0
29.950408163265305,0.0
29.960408163265306,0.0
29.970408163265304,0.0
29.980408163265306,0.0
29.990408163265304,0.0
30.000408163265305,0.0
30.010408163265307,0.0
30.020408163265305,0.0
30.030408163265307,0.0
30.040408163265305,0.0
30.050408163265306,0.0
30.060408163265304,0.0
30.070408163265306,0.0
30.080408163265307,0.0
30.090408163265305,0.0
30.100408163265307,0.0
30.110408163265305,0.0
30.120408163265306,298.2913572089095
30.130408163265304,313.50606506979057
30.140408163265306,321.11340950318987
30.150408163265304,329.99297984809965
30.160408163265306,337.9324537919074
30.170408163265307,348.9699288062687
30.180408163265305,362.8216071485647
30.190408163265307,365.658403255161
30.200408163265305,377.448389879503
30.210408163265306,378.10051954763884
30.220408163265304,379.27064588029725
30.230408163265306,380.7457363718519
30.240408163265304,380.08209195720724
30.250408163265305,378.78675639611373
30.260408163265307,377.53696222770515
30.270408163265305,372.01200126769714
30.280408163265307,365.71045173763105
30.290408163265305,354.8998687276754
30.300408163265306,334.59597821620787
30.310408163265304,326.5379601506026
30.320408163265306,332.7286155728836
30.330408163265307,379.4246648948782
30.340408163265305,380.25545441424106
30.350408163265307,375.446287261844
30.360408163265305,382.32183127169935
30.370408163265306,360.3048430181505
30.380408163265304,359.42223048344664
30.390408163265306,391.72095788870695
30.400408163265304,0.0
30.410408163265306,320.94754609853845
30.420408163265307,347.44762417577004
30.430408163265305,366.2158255065171
30.440408163265307,374.60855961677976
30.450408163265305,377.030079125577
30.460408163265306,373.52605150218045
30.470408163265304,370.7434982246867
30.480408163265306,369.5111621812123
30.490408163265304,371.025516236208
30.500408163265305,370.57253100388743
30.510408163265307,376.04300048722274
30.520408163265305,378.9260802111192
30.530408163265307,407.1067557909485
30.540408163265305,406.17411946649946
30.550408163265306,406.28614241325863
30.560408163265304,405.3848009262235
30.570408163265306,403.852227201846
30.580408163265307,404.1064535557985
30.590408163265305,404.3133848376708
30.600408163265307,406.48401441255925
30.610408163265305,405.1774533531304
30.620408163265306,399.51815964263227
30.630408163265304,397.25436818875073
30.640408163265306,391.3714701823175
30.650408163265304,384.6830281848265
30.660408163265306,381.06212278211984
30.670408163265307,378.7512292046866
30.680408163265305,0.0
30.690408163265307,0.0
30.700408163265305,0.0
30.710408163265306,0.0
30.720408163265304,0.0
30.730408163265306,0.0
30.740408163265304,0.0
30.750408163265305,0.0
30.760408163265307,397.34094359961466
30.770408163265305,399.97184531898137
30.780408163265307,399.51710621457727
30.790408163265305,403.5840493518476
30.800408163265306,400.32928067621935
30.810408163265304,396.0108299557386
30.820408163265306,393.21254981811427
30.830408163265307,396.6624416710591
30.840408163265305,394.2243123073169
30.850408163265307,392.88259032289415
30.860408163265305,392.23116048770834
30.870408163265306,395.52395143242234
30.880408163265304,397.6247374028767
30.890408163265306,399.947479540592
30.900408163265304,399.99893130016966
30.910408163265306,399.4526218220548
30.920408163265307,398.8661857281302
30.930408163265305,397.6139950644193
30.940408163265307,399.27012944675755
30.950408163265305,0.0
30.960408163265306,0.0
30.970408163265304,0.0
30.980408163265306,0.0
30.990408163265307,0.0
31.000408163265305,0.0
31.010408163265307,0.0
31.020408163265305,0.0
31.030408163265307,0.0
31.040408163265305,0.0
31.050408163265306,0.0
31.060408163265304,387.6890065302847
31.070408163265306,389.3377865943472
31.080408163265307,393.13921127784107
31.090408163265305,396.8262481868437
31.100408163265307,395.95816842442093
31.110408163265305,0.0
31.120408163265306,0.0
31.130408163265304,0.0
31.140408163265306,0.0
31.150408163265304,0.0
31.160408163265306,0.0
31.170408163265307,0.0
31.180408163265305,0.0
31.190408163265307,0.0
31.200408163265305,0.0
31.210408163265306,0.0
31.220408163265304,0.0
31.230408163265306,0.0
31.240408163265307,0.0
31.250408163265305,0.0
31.260408163265307,0.0
31.270408163265305,0.0
31.280408163265307,0.0
31.290408163265305,0.0
31.300408163265306,0.0
